MoleculeId,PredictedProbability
1,0.7958979
2,0.9460313
3,0.32659203
4,0.90721744
5,0.09168998
6,0.62064934
7,0.84490323
8,0.73092705
9,0.88966477
10,0.46711394
11,0.3795919
12,0.63813525
13,0.79290956
14,0.41235432
15,0.30631614
16,0.28664505
17,0.16222146
18,0.16821457
19,0.28680617
20,0.78442216
21,0.2514752
22,0.75428706
23,0.7141469
24,0.8827836
25,0.94431394
26,0.7907302
27,0.12904376
28,0.058688052
29,0.19705418
30,0.36650714
31,0.1718161
32,0.14993438
33,0.78667057
34,0.2775737
35,0.4307281
36,0.85887164
37,0.7238035
38,0.71971416
39,0.8599466
40,0.95896184
41,0.21299736
42,0.11069423
43,0.8003605
44,0.8477479
45,0.063954614
46,0.27745494
47,0.8083202
48,0.40685165
49,0.86391085
50,0.60463
51,0.89948106
52,0.13379239
53,0.81433356
54,0.12718855
55,0.22691952
56,0.8286143
57,0.9064701
58,0.92628884
59,0.9077358
60,0.39006212
61,0.7124823
62,0.8908203
63,0.2961949
64,0.05993678
65,0.31236938
66,0.36533687
67,0.38176185
68,0.08974966
69,0.19058262
70,0.28477693
71,0.84407467
72,0.53536236
73,0.717299
74,0.9063402
75,0.21965154
76,0.15762207
77,0.9098953
78,0.4197454
79,0.89238524
80,0.1988302
81,0.41707906
82,0.46040618
83,0.20431693
84,0.15700203
85,0.38139513
86,0.73634475
87,0.3250579
88,0.69461596
89,0.86913973
90,0.53538996
91,0.66612285
92,0.5388221
93,0.13710618
94,0.09822853
95,0.6537883
96,0.22965664
97,0.7488159
98,0.7890217
99,0.94054437
100,0.86549664
101,0.7346726
102,0.81431246
103,0.87301433
104,0.64177275
105,0.4020699
106,0.2809746
107,0.6898151
108,0.39169326
109,0.9266301
110,0.08845167
111,0.6232001
112,0.833558
113,0.25638747
114,0.8746767
115,0.8836815
116,0.20488387
117,0.7876821
118,0.13388579
119,0.7898614
120,0.29405805
121,0.2880249
122,0.18670255
123,0.8076544
124,0.18072873
125,0.5345696
126,0.18723501
127,0.3933218
128,0.844705
129,0.32731715
130,0.17033368
131,0.065331206
132,0.40586737
133,0.12102503
134,0.79360485
135,0.48175445
136,0.91768336
137,0.09038016
138,0.72167027
139,0.75752175
140,0.7763818
141,0.8749673
142,0.9548601
143,0.7399309
144,0.1739238
145,0.8947117
146,0.11607412
147,0.62241805
148,0.8243096
149,0.707123
150,0.19959782
151,0.1653886
152,0.625401
153,0.36895168
154,0.92543876
155,0.9142652
156,0.63799214
157,0.5414675
158,0.8969327
159,0.44184262
160,0.06637333
161,0.472022
162,0.17953657
163,0.20063701
164,0.9373423
165,0.84606934
166,0.38917348
167,0.51667315
168,0.8482841
169,0.4138748
170,0.8992138
171,0.8960485
172,0.9296324
173,0.29997945
174,0.66322064
175,0.16849422
176,0.838188
177,0.23508401
178,0.19915582
179,0.45296067
180,0.19515699
181,0.40123764
182,0.881495
183,0.7778464
184,0.15352185
185,0.93050563
186,0.6165938
187,0.8897006
188,0.28600672
189,0.914355
190,0.76210964
191,0.2420752
192,0.86174643
193,0.28179216
194,0.71988076
195,0.885816
196,0.2160232
197,0.9299914
198,0.7427825
199,0.37408522
200,0.5262141
201,0.8405737
202,0.4509442
203,0.59271216
204,0.23167068
205,0.91942275
206,0.6292068
207,0.608204
208,0.8985652
209,0.7715122
210,0.33493003
211,0.89783186
212,0.869678
213,0.8981524
214,0.098663576
215,0.78255373
216,0.92417675
217,0.6907337
218,0.69245183
219,0.7633409
220,0.30467632
221,0.87628686
222,0.31319132
223,0.26589337
224,0.84606934
225,0.6281969
226,0.4801548
227,0.3208789
228,0.914471
229,0.35664037
230,0.38969648
231,0.67388034
232,0.8952006
233,0.6745583
234,0.26712915
235,0.7105434
236,0.85376173
237,0.19508179
238,0.29228348
239,0.7772341
240,0.7686906
241,0.3326365
242,0.04809572
243,0.57350355
244,0.76937735
245,0.47649008
246,0.8635223
247,0.15330762
248,0.18961093
249,0.84418076
250,0.09934383
251,0.812614
252,0.4900528
253,0.44798103
254,0.8163584
255,0.92842925
256,0.68828714
257,0.11227536
258,0.231456
259,0.54245186
260,0.0966235
261,0.061789457
262,0.13172811
263,0.36392158
264,0.20092337
265,0.24323814
266,0.6902302
267,0.38522354
268,0.08976353
269,0.50511366
270,0.8103175
271,0.9201723
272,0.8330111
273,0.7824493
274,0.51993454
275,0.22650991
276,0.35205123
277,0.8836417
278,0.18512534
279,0.62155634
280,0.32507637
281,0.083349645
282,0.91724277
283,0.3677643
284,0.06924056
285,0.6471158
286,0.93687654
287,0.8826492
288,0.6789156
289,0.8434283
290,0.30154857
291,0.24945441
292,0.3409285
293,0.6809262
294,0.71303844
295,0.073857956
296,0.2838569
297,0.045595735
298,0.655364
299,0.8520913
300,0.86129785
301,0.6504784
302,0.14754494
303,0.768896
304,0.92357963
305,0.8798167
306,0.8098623
307,0.20075306
308,0.87162364
309,0.47393838
310,0.8367389
311,0.8762594
312,0.7142726
313,0.7084401
314,0.11304882
315,0.7937172
316,0.25865313
317,0.92209315
318,0.21309635
319,0.27405944
320,0.08626905
321,0.23577692
322,0.6416389
323,0.8884678
324,0.32088494
325,0.18890052
326,0.8955027
327,0.8667615
328,0.87727755
329,0.21322198
330,0.53391767
331,0.49023378
332,0.6984552
333,0.27439305
334,0.3717497
335,0.7020912
336,0.71155924
337,0.8624713
338,0.124877095
339,0.052313156
340,0.8459284
341,0.80563337
342,0.8809241
343,0.18424076
344,0.45198372
345,0.7960044
346,0.8435739
347,0.20546286
348,0.20711757
349,0.30395874
350,0.7668007
351,0.26778713
352,0.6859892
353,0.9037558
354,0.09801487
355,0.845128
356,0.6547918
357,0.8238334
358,0.24241382
359,0.15377392
360,0.7314026
361,0.75867504
362,0.8368279
363,0.9016095
364,0.3530909
365,0.8497643
366,0.8440574
367,0.73787963
368,0.4579726
369,0.10539846
370,0.17539364
371,0.63217777
372,0.3178375
373,0.65037477
374,0.1625759
375,0.66185266
376,0.9137935
377,0.82079655
378,0.8729767
379,0.9302694
380,0.0778671
381,0.86244804
382,0.9265731
383,0.92476916
384,0.6708261
385,0.8612319
386,0.7510275
387,0.08510634
388,0.17394334
389,0.1088664
390,0.7653095
391,0.54350907
392,0.51506835
393,0.7612648
394,0.68164927
395,0.9142652
396,0.21372986
397,0.2640844
398,0.28620592
399,0.60788584
400,0.71926713
401,0.8372231
402,0.8009095
403,0.20091742
404,0.8766482
405,0.63039005
406,0.2318106
407,0.90444744
408,0.6941234
409,0.15789111
410,0.62887293
411,0.73073167
412,0.83585984
413,0.8327181
414,0.19962277
415,0.6754746
416,0.91466033
417,0.2924332
418,0.85501003
419,0.39515314
420,0.35374194
421,0.115587585
422,0.72431403
423,0.78022873
424,0.67628706
425,0.87295103
426,0.30654103
427,0.8071772
428,0.78445286
429,0.71353203
430,0.16206837
431,0.63645285
432,0.6961946
433,0.25884813
434,0.23343167
435,0.49300423
436,0.079705454
437,0.37912452
438,0.6444805
439,0.042109486
440,0.18584684
441,0.44789794
442,0.8366742
443,0.9309315
444,0.124630384
445,0.58359164
446,0.77522707
447,0.26022533
448,0.26565635
449,0.11549466
450,0.9313383
451,0.7823779
452,0.8487245
453,0.34588492
454,0.9051555
455,0.7477421
456,0.7583157
457,0.5778777
458,0.608616
459,0.1747697
460,0.49613494
461,0.19045034
462,0.86279625
463,0.7324779
464,0.8243096
465,0.5638109
466,0.31562492
467,0.24319915
468,0.6058032
469,0.69555444
470,0.29659316
471,0.11200914
472,0.92584574
473,0.14898196
474,0.3678188
475,0.23602664
476,0.15900701
477,0.8020479
478,0.18490963
479,0.24161984
480,0.16877636
481,0.56189424
482,0.58139133
483,0.6572855
484,0.9188342
485,0.29068145
486,0.7972616
487,0.4248223
488,0.24008271
489,0.6257428
490,0.85169345
491,0.3777706
492,0.76803774
493,0.8487245
494,0.8855831
495,0.69611967
496,0.7423166
497,0.140706
498,0.22806072
499,0.33814898
500,0.12109985
501,0.88253284
502,0.79917413
503,0.7326047
504,0.16964638
505,0.7311883
506,0.6269261
507,0.2999468
508,0.3129801
509,0.3149625
510,0.2643111
511,0.8854801
512,0.65725446
513,0.5229202
514,0.8850593
515,0.84947205
516,0.10390436
517,0.50245094
518,0.0705192
519,0.19660169
520,0.89875704
521,0.61445504
522,0.66321725
523,0.86474353
524,0.33327702
525,0.79184073
526,0.4692641
527,0.85079074
528,0.6059394
529,0.10094209
530,0.12729642
531,0.8649219
532,0.20542257
533,0.87320584
534,0.06879381
535,0.36882964
536,0.08208663
537,0.9217047
538,0.38523835
539,0.86311716
540,0.30479404
541,0.10939477
542,0.15383989
543,0.7230064
544,0.71869487
545,0.6119833
546,0.7058981
547,0.86555564
548,0.40092054
549,0.8792602
550,0.88692755
551,0.7035049
552,0.38338557
553,0.16979176
554,0.32515544
555,0.04106444
556,0.89835566
557,0.38808775
558,0.52528477
559,0.7583498
560,0.82104576
561,0.92156327
562,0.9218458
563,0.6707809
564,0.3405032
565,0.254173
566,0.5146389
567,0.3274146
568,0.8791758
569,0.7537328
570,0.124021664
571,0.6315133
572,0.8815617
573,0.1141509
574,0.8934177
575,0.3209386
576,0.5414675
577,0.87669504
578,0.20900676
579,0.68042403
580,0.18210764
581,0.72433007
582,0.9016807
583,0.116995245
584,0.8587897
585,0.6559749
586,0.5857409
587,0.8374602
588,0.17619136
589,0.17348605
590,0.9282465
591,0.7852234
592,0.08576385
593,0.89353687
594,0.88741755
595,0.8015848
596,0.15043195
597,0.26956674
598,0.84976196
599,0.8881794
600,0.7138095
601,0.36068082
602,0.5623569
603,0.8778352
604,0.7120976
605,0.660404
606,0.10002145
607,0.82110554
608,0.36309823
609,0.12609151
610,0.55167073
611,0.39582822
612,0.9368272
613,0.21823142
614,0.64807564
615,0.9368272
616,0.42703557
617,0.6884385
618,0.8197487
619,0.041719608
620,0.6024286
621,0.7492043
622,0.870444
623,0.490395
624,0.15879278
625,0.15726124
626,0.8614506
627,0.16919838
628,0.5606915
629,0.25914243
630,0.10830301
631,0.23749816
632,0.504754
633,0.8833353
634,0.527312
635,0.8208344
636,0.8719564
637,0.9216291
638,0.21707383
639,0.8964046
640,0.45257676
641,0.23840809
642,0.62141705
643,0.19493523
644,0.06398691
645,0.28044185
646,0.5368513
647,0.22772284
648,0.8973606
649,0.32905534
650,0.6933597
651,0.865031
652,0.28231794
653,0.16090795
654,0.15714155
655,0.09838063
656,0.9415668
657,0.77683043
658,0.4234742
659,0.49664286
660,0.1849063
661,0.20229255
662,0.7755562
663,0.16185752
664,0.87008554
665,0.893228
666,0.4577922
667,0.34642902
668,0.88763905
669,0.2805266
670,0.76692224
671,0.23631655
672,0.8878771
673,0.7926755
674,0.71799785
675,0.80252266
676,0.08685989
677,0.37577787
678,0.29259902
679,0.48116657
680,0.09046719
681,0.32228228
682,0.74906874
683,0.18276633
684,0.84013253
685,0.71780807
686,0.16847399
687,0.46987
688,0.66700476
689,0.17108722
690,0.55431145
691,0.77032214
692,0.8478271
693,0.74318445
694,0.76697403
695,0.15641971
696,0.71059954
697,0.84226614
698,0.3034129
699,0.84329283
700,0.8129662
701,0.3316951
702,0.1681062
703,0.7768217
704,0.8389236
705,0.74052143
706,0.2567911
707,0.54363894
708,0.6582109
709,0.89084727
710,0.85477006
711,0.07939119
712,0.6210742
713,0.49185085
714,0.28504854
715,0.82146376
716,0.3677643
717,0.40382662
718,0.8293068
719,0.90667266
720,0.3686728
721,0.889524
722,0.7529534
723,0.66109556
724,0.3932506
725,0.4287652
726,0.10079825
727,0.21815923
728,0.28256828
729,0.14152704
730,0.62243086
731,0.7012251
732,0.79037017
733,0.86856
734,0.20234995
735,0.26945025
736,0.20141718
737,0.07636926
738,0.34935176
739,0.9545711
740,0.89708513
741,0.84286773
742,0.76797557
743,0.08876742
744,0.8810336
745,0.60931677
746,0.12621664
747,0.1955554
748,0.42346781
749,0.71507835
750,0.69116014
751,0.12511271
752,0.8092233
753,0.745205
754,0.7531726
755,0.75768024
756,0.8569955
757,0.8058256
758,0.3274425
759,0.9392259
760,0.81357867
761,0.82129776
762,0.817302
763,0.87724024
764,0.71824396
765,0.72278774
766,0.43790454
767,0.30053672
768,0.6521099
769,0.6525987
770,0.75741
771,0.08588265
772,0.60157275
773,0.14372766
774,0.18747959
775,0.9214621
776,0.93585944
777,0.41674563
778,0.5621147
779,0.15687032
780,0.84330994
781,0.8058832
782,0.9157768
783,0.1449426
784,0.9167406
785,0.20113158
786,0.87503356
787,0.45503706
788,0.5654482
789,0.14919896
790,0.05889701
791,0.27327386
792,0.04294387
793,0.33473864
794,0.15223382
795,0.649029
796,0.82115436
797,0.8112993
798,0.4449382
799,0.80659974
800,0.9217063
801,0.07685333
802,0.7719543
803,0.71306944
804,0.8838211
805,0.8907082
806,0.3115324
807,0.574037
808,0.15784125
809,0.34038353
810,0.26087236
811,0.8716752
812,0.7733875
813,0.69731724
814,0.9055607
815,0.257155
816,0.778329
817,0.1699317
818,0.79503226
819,0.4100614
820,0.9227829
821,0.057978157
822,0.5972211
823,0.040460393
824,0.16904713
825,0.60167587
826,0.9157111
827,0.48859835
828,0.7326514
829,0.8347606
830,0.8817286
831,0.78047097
832,0.8489764
833,0.2510481
834,0.95070356
835,0.17680655
836,0.40348437
837,0.84521306
838,0.18475336
839,0.77399
840,0.55954814
841,0.7455757
842,0.073221214
843,0.084908366
844,0.14708444
845,0.7656352
846,0.7657494
847,0.8167778
848,0.63138163
849,0.151758
850,0.21783316
851,0.7769927
852,0.9137421
853,0.8524626
854,0.16011997
855,0.719844
856,0.30461597
857,0.7378777
858,0.8330111
859,0.26788396
860,0.18528165
861,0.7824946
862,0.80203706
863,0.5626676
864,0.71864194
865,0.14015748
866,0.14590017
867,0.88761324
868,0.68382156
869,0.8324212
870,0.7220883
871,0.4169692
872,0.77911615
873,0.7463799
874,0.21213344
875,0.8852077
876,0.48777336
877,0.2875578
878,0.7973598
879,0.8111062
880,0.33580223
881,0.7798894
882,0.38798863
883,0.87162364
884,0.1763539
885,0.14629416
886,0.24257334
887,0.63008296
888,0.64885336
889,0.1582804
890,0.25879794
891,0.65323746
892,0.5968382
893,0.92165416
894,0.23426527
895,0.78809243
896,0.7794984
897,0.81844395
898,0.50165606
899,0.15615498
900,0.9012115
901,0.046699096
902,0.58482677
903,0.20249462
904,0.9327387
905,0.9038444
906,0.3727419
907,0.344954
908,0.5685884
909,0.9128268
910,0.25637165
911,0.710212
912,0.80536693
913,0.8937922
914,0.65323746
915,0.8537945
916,0.44492033
917,0.26233545
918,0.2738167
919,0.5706611
920,0.0966235
921,0.56917083
922,0.8643047
923,0.092463054
924,0.33789146
925,0.9064825
926,0.3298038
927,0.26824173
928,0.17953657
929,0.09515891
930,0.89548594
931,0.13122475
932,0.2580328
933,0.06854542
934,0.8266294
935,0.7821679
936,0.14648443
937,0.8382783
938,0.6783647
939,0.8732521
940,0.34588867
941,0.8487245
942,0.3051394
943,0.085205615
944,0.3895092
945,0.3452083
946,0.5399789
947,0.20625803
948,0.83460385
949,0.13642311
950,0.64365256
951,0.7753688
952,0.5658733
953,0.08820673
954,0.10101736
955,0.063367605
956,0.1816206
957,0.824829
958,0.2060394
959,0.15681794
960,0.15915944
961,0.4539488
962,0.86487836
963,0.59634686
964,0.8625848
965,0.21572047
966,0.65078497
967,0.29861444
968,0.8249985
969,0.19284856
970,0.0822965
971,0.14789471
972,0.2817159
973,0.87106484
974,0.8226465
975,0.7162085
976,0.6879608
977,0.82683635
978,0.17581508
979,0.89943707
980,0.25234884
981,0.34248683
982,0.0946389
983,0.8570869
984,0.8908921
985,0.6386783
986,0.11207207
987,0.79571575
988,0.7787004
989,0.15060246
990,0.4501671
991,0.7833549
992,0.12172805
993,0.7242703
994,0.17830752
995,0.23931322
996,0.80817527
997,0.43953416
998,0.26050732
999,0.6903622
1000,0.7839193
1001,0.107104495
1002,0.25790685
1003,0.9099967
1004,0.5588748
1005,0.81822985
1006,0.3542177
1007,0.6355985
1008,0.9074225
1009,0.6870007
1010,0.284803
1011,0.3607485
1012,0.25140607
1013,0.36181378
1014,0.40601766
1015,0.15313695
1016,0.73690885
1017,0.26900604
1018,0.56852096
1019,0.7392443
1020,0.10706834
1021,0.42635387
1022,0.8707953
1023,0.7408069
1024,0.903403
1025,0.5916288
1026,0.56355375
1027,0.32102004
1028,0.8182562
1029,0.88542795
1030,0.90988624
1031,0.48891592
1032,0.4237484
1033,0.76697403
1034,0.25943354
1035,0.8414334
1036,0.6377523
1037,0.38704002
1038,0.6678537
1039,0.5821332
1040,0.51314414
1041,0.43974817
1042,0.86496806
1043,0.8844393
1044,0.19829023
1045,0.3135412
1046,0.87693053
1047,0.89825565
1048,0.5925273
1049,0.11130629
1050,0.90984315
1051,0.26889104
1052,0.27281913
1053,0.93342006
1054,0.8248452
1055,0.7075892
1056,0.95162493
1057,0.1529893
1058,0.8584294
1059,0.22787957
1060,0.5896369
1061,0.34916547
1062,0.14329737
1063,0.95681125
1064,0.16441393
1065,0.7037451
1066,0.34622678
1067,0.35352242
1068,0.90775514
1069,0.24296515
1070,0.28603017
1071,0.25143516
1072,0.79590625
1073,0.9304469
1074,0.7319705
1075,0.7364287
1076,0.80252427
1077,0.8780081
1078,0.3238874
1079,0.7357416
1080,0.89299256
1081,0.70423853
1082,0.23593822
1083,0.6125486
1084,0.6462177
1085,0.092382506
1086,0.6565126
1087,0.1082532
1088,0.934837
1089,0.8928023
1090,0.2529334
1091,0.8490192
1092,0.8967677
1093,0.8623524
1094,0.8782321
1095,0.8547526
1096,0.77363485
1097,0.797935
1098,0.35921738
1099,0.19189371
1100,0.9133177
1101,0.08132051
1102,0.8209296
1103,0.8789889
1104,0.3136734
1105,0.2595067
1106,0.8808463
1107,0.3634639
1108,0.28601724
1109,0.11094317
1110,0.8487245
1111,0.05866466
1112,0.8917582
1113,0.75015044
1114,0.08491894
1115,0.83409894
1116,0.15372969
1117,0.8449228
1118,0.07131468
1119,0.06795079
1120,0.19864093
1121,0.7423058
1122,0.6836001
1123,0.7045541
1124,0.34433684
1125,0.1733608
1126,0.90628797
1127,0.10997612
1128,0.7303148
1129,0.40714884
1130,0.15670699
1131,0.19526114
1132,0.658451
1133,0.84533525
1134,0.7869328
1135,0.16647905
1136,0.17073321
1137,0.8370199
1138,0.43207446
1139,0.9091363
1140,0.30654484
1141,0.34215906
1142,0.78005457
1143,0.29151008
1144,0.6996852
1145,0.43193224
1146,0.89713
1147,0.9242892
1148,0.20149708
1149,0.8150756
1150,0.9185786
1151,0.5896055
1152,0.6830056
1153,0.1930768
1154,0.8288347
1155,0.835234
1156,0.65437126
1157,0.10387551
1158,0.38563824
1159,0.06924056
1160,0.8961379
1161,0.4311718
1162,0.7127609
1163,0.9271031
1164,0.094796866
1165,0.5398751
1166,0.23873304
1167,0.87189555
1168,0.13718544
1169,0.8566121
1170,0.11497846
1171,0.8384772
1172,0.66985464
1173,0.26303804
1174,0.743975
1175,0.9291012
1176,0.12116329
1177,0.68226725
1178,0.8888152
1179,0.35686964
1180,0.11231007
1181,0.795389
1182,0.6603535
1183,0.81934035
1184,0.17590064
1185,0.8291959
1186,0.6180008
1187,0.21044241
1188,0.14535409
1189,0.8621082
1190,0.28144783
1191,0.12040054
1192,0.651413
1193,0.9184822
1194,0.35635132
1195,0.7484773
1196,0.059845943
1197,0.9496244
1198,0.9100505
1199,0.9384783
1200,0.26769784
1201,0.94070363
1202,0.56913584
1203,0.92871654
1204,0.5576053
1205,0.31958884
1206,0.9237451
1207,0.36829537
1208,0.8497585
1209,0.2363662
1210,0.8612814
1211,0.066394776
1212,0.8064525
1213,0.13379371
1214,0.6071425
1215,0.6076841
1216,0.8215457
1217,0.62314236
1218,0.7810577
1219,0.67373407
1220,0.29612234
1221,0.7251586
1222,0.91768336
1223,0.6441517
1224,0.85169345
1225,0.6340467
1226,0.31647676
1227,0.87302226
1228,0.799179
1229,0.9235017
1230,0.7156721
1231,0.83702505
1232,0.79141587
1233,0.79401755
1234,0.25190118
1235,0.3510369
1236,0.4609013
1237,0.3457092
1238,0.84547323
1239,0.4062805
1240,0.16109706
1241,0.9473606
1242,0.2314767
1243,0.11993353
1244,0.052519076
1245,0.40110174
1246,0.21703403
1247,0.06802603
1248,0.1574779
1249,0.8726642
1250,0.7299943
1251,0.18855093
1252,0.2950722
1253,0.5873542
1254,0.23322809
1255,0.59986496
1256,0.71565086
1257,0.85219604
1258,0.82702434
1259,0.8608997
1260,0.86746186
1261,0.8613846
1262,0.9103286
1263,0.66310644
1264,0.4509338
1265,0.8538285
1266,0.8243096
1267,0.8961379
1268,0.5240591
1269,0.25395995
1270,0.25363913
1271,0.16973315
1272,0.8658869
1273,0.62099206
1274,0.6735272
1275,0.84206796
1276,0.25569528
1277,0.8642472
1278,0.88366014
1279,0.89713484
1280,0.75174844
1281,0.8826373
1282,0.820804
1283,0.67993605
1284,0.19000246
1285,0.7142457
1286,0.7867206
1287,0.35642865
1288,0.28943396
1289,0.46128824
1290,0.8938004
1291,0.8967724
1292,0.75058115
1293,0.124877095
1294,0.72088695
1295,0.7939744
1296,0.16134411
1297,0.062785685
1298,0.5455523
1299,0.8750964
1300,0.13944367
1301,0.25900888
1302,0.061105486
1303,0.8531952
1304,0.58644134
1305,0.14905678
1306,0.8561046
1307,0.8966793
1308,0.6421707
1309,0.674929
1310,0.76416504
1311,0.70433235
1312,0.9306867
1313,0.40314886
1314,0.68167037
1315,0.22783335
1316,0.7392694
1317,0.45560497
1318,0.108257726
1319,0.069955476
1320,0.39319137
1321,0.7827337
1322,0.37832066
1323,0.1627145
1324,0.8495127
1325,0.5466094
1326,0.92544264
1327,0.3810815
1328,0.07545885
1329,0.36012003
1330,0.8151073
1331,0.31288302
1332,0.7686282
1333,0.9382928
1334,0.2965746
1335,0.6416941
1336,0.7272846
1337,0.22559936
1338,0.21252784
1339,0.48854774
1340,0.12741819
1341,0.8969677
1342,0.9003483
1343,0.8794274
1344,0.82945544
1345,0.8477479
1346,0.91896373
1347,0.3303431
1348,0.911293
1349,0.88627255
1350,0.8781459
1351,0.8713867
1352,0.20532961
1353,0.7468065
1354,0.8992035
1355,0.8459833
1356,0.06622491
1357,0.42074245
1358,0.142451
1359,0.20474358
1360,0.5462017
1361,0.91124254
1362,0.6257073
1363,0.68697566
1364,0.836597
1365,0.8585224
1366,0.73450494
1367,0.9202535
1368,0.61267895
1369,0.9212739
1370,0.70140123
1371,0.7737784
1372,0.83773947
1373,0.8919349
1374,0.04925646
1375,0.34400165
1376,0.32762703
1377,0.9371573
1378,0.7777282
1379,0.14231765
1380,0.18384773
1381,0.89100254
1382,0.6413778
1383,0.868256
1384,0.27494547
1385,0.13388307
1386,0.77835125
1387,0.87873113
1388,0.8117812
1389,0.16772693
1390,0.7875728
1391,0.68343264
1392,0.50574017
1393,0.8808221
1394,0.87092763
1395,0.30672583
1396,0.24736275
1397,0.25827885
1398,0.25478292
1399,0.5438027
1400,0.2889894
1401,0.5810047
1402,0.9311242
1403,0.8465056
1404,0.07306658
1405,0.19104604
1406,0.7533205
1407,0.09119444
1408,0.84099215
1409,0.90618795
1410,0.5116184
1411,0.26182237
1412,0.26197088
1413,0.66700125
1414,0.8096962
1415,0.7070761
1416,0.1815266
1417,0.25753444
1418,0.8676307
1419,0.42566374
1420,0.8461733
1421,0.22421467
1422,0.78635377
1423,0.7429677
1424,0.15128858
1425,0.35234815
1426,0.62007177
1427,0.11057935
1428,0.13416554
1429,0.1990434
1430,0.7908729
1431,0.740536
1432,0.6095106
1433,0.13438317
1434,0.17935361
1435,0.3798683
1436,0.23947144
1437,0.21931559
1438,0.8923892
1439,0.14854035
1440,0.8941457
1441,0.84656394
1442,0.45742515
1443,0.48991117
1444,0.16857979
1445,0.42932928
1446,0.2009289
1447,0.10114241
1448,0.1302179
1449,0.88150865
1450,0.7452664
1451,0.7424315
1452,0.32954496
1453,0.276631
1454,0.3671739
1455,0.5919453
1456,0.71244365
1457,0.90086377
1458,0.42842886
1459,0.6208926
1460,0.4818869
1461,0.27589202
1462,0.8235621
1463,0.5946232
1464,0.7332747
1465,0.9296365
1466,0.24492441
1467,0.86605585
1468,0.21567823
1469,0.42635387
1470,0.9296532
1471,0.8487245
1472,0.15183774
1473,0.64073706
1474,0.098196015
1475,0.4540717
1476,0.18953764
1477,0.87143207
1478,0.20645374
1479,0.35285863
1480,0.67194295
1481,0.09284144
1482,0.22776929
1483,0.64047456
1484,0.6279346
1485,0.1648663
1486,0.038737424
1487,0.33712327
1488,0.20819256
1489,0.27109566
1490,0.7619421
1491,0.8895193
1492,0.106758095
1493,0.82435834
1494,0.17301202
1495,0.82024324
1496,0.90301
1497,0.28531012
1498,0.88497305
1499,0.17432414
1500,0.8366556
1501,0.18933801
1502,0.352578
1503,0.7481035
1504,0.37957922
1505,0.47476235
1506,0.079859994
1507,0.29242858
1508,0.87426674
1509,0.7407069
1510,0.77877444
1511,0.77522707
1512,0.7649367
1513,0.8557859
1514,0.7152916
1515,0.07765008
1516,0.13325447
1517,0.09203013
1518,0.7497893
1519,0.3681265
1520,0.06616042
1521,0.2459794
1522,0.89466345
1523,0.14036699
1524,0.13540013
1525,0.84753275
1526,0.046699096
1527,0.17647272
1528,0.7400489
1529,0.9014975
1530,0.3124923
1531,0.63327754
1532,0.88486034
1533,0.8660144
1534,0.28093508
1535,0.90266407
1536,0.50943995
1537,0.12228719
1538,0.20690636
1539,0.8575015
1540,0.9374146
1541,0.6155219
1542,0.72672635
1543,0.084657595
1544,0.9044441
1545,0.71362185
1546,0.800944
1547,0.4902552
1548,0.8345895
1549,0.7125692
1550,0.09088401
1551,0.8477479
1552,0.8067496
1553,0.6887373
1554,0.8586937
1555,0.8262523
1556,0.84003156
1557,0.5100436
1558,0.75898355
1559,0.7626254
1560,0.9105235
1561,0.5740846
1562,0.11153664
1563,0.26565635
1564,0.7292846
1565,0.61131626
1566,0.37356773
1567,0.8412621
1568,0.22981687
1569,0.78442216
1570,0.68309057
1571,0.92335945
1572,0.64157975
1573,0.85779685
1574,0.4535285
1575,0.1570915
1576,0.79403716
1577,0.88971496
1578,0.80252427
1579,0.82962507
1580,0.66702014
1581,0.83288455
1582,0.35815075
1583,0.8914832
1584,0.9313808
1585,0.7780471
1586,0.34881568
1587,0.94783235
1588,0.8595548
1589,0.429412
1590,0.112297945
1591,0.080378406
1592,0.7474068
1593,0.92378926
1594,0.3093825
1595,0.67061263
1596,0.7761359
1597,0.70465136
1598,0.8768848
1599,0.73301953
1600,0.37180105
1601,0.85630566
1602,0.31332642
1603,0.10183735
1604,0.95432526
1605,0.17217174
1606,0.38069987
1607,0.8592361
1608,0.18906857
1609,0.7687427
1610,0.864231
1611,0.8249298
1612,0.8081236
1613,0.9019948
1614,0.25460964
1615,0.728012
1616,0.6460346
1617,0.10939477
1618,0.7396347
1619,0.8762594
1620,0.9035665
1621,0.11670772
1622,0.58106947
1623,0.6045954
1624,0.88988566
1625,0.8341467
1626,0.12343885
1627,0.08564109
1628,0.28089002
1629,0.8026972
1630,0.07090211
1631,0.5468182
1632,0.8424412
1633,0.7769463
1634,0.30525854
1635,0.22302704
1636,0.3305313
1637,0.6532081
1638,0.86052316
1639,0.18170388
1640,0.7723004
1641,0.32938093
1642,0.8419439
1643,0.81886256
1644,0.21614139
1645,0.89493275
1646,0.48647097
1647,0.87508523
1648,0.84682417
1649,0.6512574
1650,0.33855808
1651,0.81580573
1652,0.8490877
1653,0.23997927
1654,0.7270846
1655,0.12586652
1656,0.82986
1657,0.719488
1658,0.9366373
1659,0.26463985
1660,0.90851855
1661,0.1607681
1662,0.6223169
1663,0.16147551
1664,0.8048026
1665,0.65933764
1666,0.6565208
1667,0.84773505
1668,0.21199435
1669,0.83647126
1670,0.7098961
1671,0.20979089
1672,0.84976196
1673,0.15697335
1674,0.20668864
1675,0.26501033
1676,0.8205163
1677,0.15687436
1678,0.8119061
1679,0.58072126
1680,0.2546025
1681,0.91209966
1682,0.37368453
1683,0.9160482
1684,0.78802174
1685,0.85646677
1686,0.23566625
1687,0.9017411
1688,0.63876015
1689,0.60940903
1690,0.8550767
1691,0.7537423
1692,0.31893247
1693,0.2703211
1694,0.71427226
1695,0.7778474
1696,0.17863989
1697,0.8998994
1698,0.12840211
1699,0.061499488
1700,0.15212245
1701,0.79677975
1702,0.7829933
1703,0.2078572
1704,0.66053313
1705,0.1909468
1706,0.28997433
1707,0.82138205
1708,0.10876065
1709,0.7716259
1710,0.20861045
1711,0.2506901
1712,0.5612729
1713,0.06759034
1714,0.36623165
1715,0.20121376
1716,0.1707171
1717,0.6698298
1718,0.90867895
1719,0.89674413
1720,0.33699557
1721,0.1711306
1722,0.11747931
1723,0.5793135
1724,0.4079301
1725,0.31014928
1726,0.88654786
1727,0.96450734
1728,0.7588262
1729,0.8922001
1730,0.7792541
1731,0.3842134
1732,0.147025
1733,0.8745094
1734,0.86876786
1735,0.7472529
1736,0.9344257
1737,0.2641873
1738,0.7820272
1739,0.9239058
1740,0.90947556
1741,0.72972685
1742,0.8475131
1743,0.6939433
1744,0.23561414
1745,0.20985372
1746,0.14765216
1747,0.070319556
1748,0.87588215
1749,0.83464634
1750,0.25037485
1751,0.8941729
1752,0.8510784
1753,0.32285994
1754,0.28313118
1755,0.19238716
1756,0.84034693
1757,0.37567323
1758,0.15490815
1759,0.8094627
1760,0.8220555
1761,0.88635534
1762,0.8657315
1763,0.17842531
1764,0.39025342
1765,0.8751301
1766,0.8398073
1767,0.7672126
1768,0.39418882
1769,0.92604417
1770,0.6992554
1771,0.69830966
1772,0.9003541
1773,0.86622304
1774,0.29490766
1775,0.34832847
1776,0.7927455
1777,0.10260237
1778,0.83388776
1779,0.07350628
1780,0.26920697
1781,0.8237433
1782,0.83164155
1783,0.2254823
1784,0.82678354
1785,0.5331692
1786,0.046699096
1787,0.7673826
1788,0.22236732
1789,0.355268
1790,0.3735465
1791,0.29305676
1792,0.72780466
1793,0.88895184
1794,0.29180327
1795,0.24396649
1796,0.8209825
1797,0.3560004
1798,0.6161898
1799,0.6827318
1800,0.20625651
1801,0.890663
1802,0.30333135
1803,0.22433536
1804,0.26755273
1805,0.8985657
1806,0.6233176
1807,0.70200264
1808,0.1826019
1809,0.5964569
1810,0.90436524
1811,0.8894148
1812,0.5935307
1813,0.637459
1814,0.6361959
1815,0.92871654
1816,0.6009443
1817,0.7227558
1818,0.18093988
1819,0.7363626
1820,0.27757373
1821,0.37322772
1822,0.22115988
1823,0.8793336
1824,0.8896938
1825,0.91102767
1826,0.91089326
1827,0.6768704
1828,0.86175644
1829,0.6366029
1830,0.86382836
1831,0.35305268
1832,0.12843569
1833,0.40140828
1834,0.8171489
1835,0.6703654
1836,0.76644605
1837,0.3186835
1838,0.14899091
1839,0.93947583
1840,0.6930418
1841,0.27790385
1842,0.7944671
1843,0.8668839
1844,0.32908568
1845,0.8319327
1846,0.113179386
1847,0.8189638
1848,0.6204154
1849,0.3143589
1850,0.820552
1851,0.9452927
1852,0.16348824
1853,0.50770015
1854,0.898496
1855,0.8295778
1856,0.8897006
1857,0.39828655
1858,0.24039845
1859,0.7183661
1860,0.81771886
1861,0.6329201
1862,0.12689076
1863,0.3593278
1864,0.8586014
1865,0.7617306
1866,0.8875239
1867,0.74923974
1868,0.8042154
1869,0.90639
1870,0.46537015
1871,0.8340651
1872,0.86557174
1873,0.46487027
1874,0.15511507
1875,0.18059075
1876,0.75652635
1877,0.07976561
1878,0.23650865
1879,0.72099346
1880,0.84708637
1881,0.6312397
1882,0.2580058
1883,0.7145818
1884,0.12911087
1885,0.8926997
1886,0.19979504
1887,0.8642937
1888,0.9038444
1889,0.86224747
1890,0.14556757
1891,0.76685274
1892,0.72684526
1893,0.7814305
1894,0.19935891
1895,0.647282
1896,0.73441416
1897,0.91439974
1898,0.4617713
1899,0.73067254
1900,0.1544472
1901,0.9238572
1902,0.6562831
1903,0.41546184
1904,0.1225125
1905,0.18819258
1906,0.12346024
1907,0.5573633
1908,0.49298564
1909,0.8507913
1910,0.5388154
1911,0.26616076
1912,0.731047
1913,0.0742879
1914,0.82684535
1915,0.85182613
1916,0.39869416
1917,0.33888957
1918,0.23527427
1919,0.62532353
1920,0.70670474
1921,0.88821596
1922,0.5234467
1923,0.1306353
1924,0.07137481
1925,0.63359106
1926,0.518163
1927,0.24766071
1928,0.84084547
1929,0.8241792
1930,0.09394249
1931,0.21206209
1932,0.15646194
1933,0.12699503
1934,0.85426724
1935,0.18733272
1936,0.1703812
1937,0.2104542
1938,0.89525354
1939,0.6267222
1940,0.5459399
1941,0.8932254
1942,0.9248568
1943,0.7331146
1944,0.45990124
1945,0.14282188
1946,0.30075258
1947,0.6025674
1948,0.61402166
1949,0.29473954
1950,0.84949785
1951,0.8507055
1952,0.10757462
1953,0.9105235
1954,0.12241588
1955,0.8607256
1956,0.12087103
1957,0.21621715
1958,0.18107633
1959,0.87783796
1960,0.85593385
1961,0.22979073
1962,0.13030836
1963,0.1605966
1964,0.6540185
1965,0.22012033
1966,0.13279162
1967,0.85064614
1968,0.13181776
1969,0.8838597
1970,0.21472543
1971,0.7597201
1972,0.9308973
1973,0.93909836
1974,0.41271797
1975,0.79002905
1976,0.6697028
1977,0.27964267
1978,0.8949994
1979,0.10174024
1980,0.80919
1981,0.8028118
1982,0.18783656
1983,0.39377677
1984,0.047021914
1985,0.19471855
1986,0.87118787
1987,0.6754436
1988,0.5816702
1989,0.91778004
1990,0.4074697
1991,0.25225392
1992,0.8919237
1993,0.67001134
1994,0.2858336
1995,0.19583979
1996,0.8936413
1997,0.85088104
1998,0.87905127
1999,0.5880876
2000,0.7897639
2001,0.16988352
2002,0.9185005
2003,0.39733484
2004,0.84104604
2005,0.80632883
2006,0.28321734
2007,0.12992634
2008,0.85139996
2009,0.16505507
2010,0.16666271
2011,0.34632266
2012,0.3876605
2013,0.63443446
2014,0.7732629
2015,0.87341386
2016,0.8139143
2017,0.35543787
2018,0.5525716
2019,0.68486685
2020,0.8548045
2021,0.21815768
2022,0.8758369
2023,0.36865634
2024,0.3594879
2025,0.51256096
2026,0.078144535
2027,0.1657295
2028,0.2631446
2029,0.22931579
2030,0.8114477
2031,0.5366054
2032,0.88991827
2033,0.31682253
2034,0.1408447
2035,0.7902642
2036,0.8966945
2037,0.19553393
2038,0.6644738
2039,0.8116054
2040,0.79881376
2041,0.6678626
2042,0.40644214
2043,0.23887245
2044,0.18685262
2045,0.45562902
2046,0.48317423
2047,0.87980086
2048,0.9215094
2049,0.13376425
2050,0.13990878
2051,0.27171838
2052,0.9079241
2053,0.7934963
2054,0.4491027
2055,0.6989959
2056,0.668106
2057,0.82255995
2058,0.85683787
2059,0.7046201
2060,0.28468993
2061,0.7971139
2062,0.8828876
2063,0.7041504
2064,0.117693305
2065,0.1239267
2066,0.61134404
2067,0.5652326
2068,0.8044031
2069,0.79659694
2070,0.92906946
2071,0.115962185
2072,0.27163854
2073,0.77149934
2074,0.91896373
2075,0.1526672
2076,0.7522218
2077,0.11950661
2078,0.85309184
2079,0.8440574
2080,0.69524854
2081,0.88526124
2082,0.4247891
2083,0.77887756
2084,0.8984163
2085,0.2667327
2086,0.19681443
2087,0.20023182
2088,0.34608844
2089,0.55054927
2090,0.25015938
2091,0.20632547
2092,0.64685404
2093,0.31450996
2094,0.7671144
2095,0.77887756
2096,0.7714761
2097,0.8675891
2098,0.81206053
2099,0.8624713
2100,0.6681134
2101,0.674926
2102,0.24787515
2103,0.6412543
2104,0.72600645
2105,0.8207106
2106,0.08829035
2107,0.84922355
2108,0.90824115
2109,0.84212434
2110,0.6598041
2111,0.7691174
2112,0.17883083
2113,0.7415588
2114,0.15609327
2115,0.23043475
2116,0.273495
2117,0.8364987
2118,0.10558514
2119,0.19307004
2120,0.893172
2121,0.8510384
2122,0.6298467
2123,0.67852867
2124,0.20262091
2125,0.90009636
2126,0.1265877
2127,0.8570224
2128,0.6388096
2129,0.9081628
2130,0.22695473
2131,0.81494534
2132,0.30563906
2133,0.32470202
2134,0.7924841
2135,0.68938446
2136,0.25430223
2137,0.5843044
2138,0.85663235
2139,0.85940874
2140,0.104781225
2141,0.3864467
2142,0.625628
2143,0.5019299
2144,0.2173629
2145,0.22254713
2146,0.94448096
2147,0.77159214
2148,0.71759206
2149,0.510059
2150,0.40555954
2151,0.2539179
2152,0.41522488
2153,0.40761256
2154,0.6827318
2155,0.773652
2156,0.095892355
2157,0.28313953
2158,0.6953075
2159,0.5054185
2160,0.8687255
2161,0.87322956
2162,0.8659709
2163,0.77634746
2164,0.8938313
2165,0.5151751
2166,0.7971241
2167,0.76426107
2168,0.13651581
2169,0.10996975
2170,0.7858972
2171,0.66886777
2172,0.858666
2173,0.29071787
2174,0.055761147
2175,0.073059894
2176,0.80772775
2177,0.22238678
2178,0.24780278
2179,0.7163136
2180,0.8768126
2181,0.62869316
2182,0.3434161
2183,0.7283509
2184,0.11268823
2185,0.3258961
2186,0.4024974
2187,0.10186301
2188,0.92130345
2189,0.15067238
2190,0.60882646
2191,0.22315882
2192,0.42840147
2193,0.63082606
2194,0.31564385
2195,0.22018851
2196,0.5866039
2197,0.2835965
2198,0.23672888
2199,0.89422095
2200,0.674929
2201,0.86776984
2202,0.7833322
2203,0.18257847
2204,0.789332
2205,0.1974631
2206,0.47215644
2207,0.3328742
2208,0.9048811
2209,0.12761591
2210,0.13239197
2211,0.76549757
2212,0.6252355
2213,0.82600313
2214,0.34873986
2215,0.89167523
2216,0.67764133
2217,0.8441538
2218,0.18672128
2219,0.7476872
2220,0.87397265
2221,0.27146712
2222,0.6525265
2223,0.8796544
2224,0.09604172
2225,0.11205011
2226,0.3752187
2227,0.43193224
2228,0.8689316
2229,0.1176178
2230,0.57211477
2231,0.68291306
2232,0.056917936
2233,0.8878026
2234,0.4834255
2235,0.15945178
2236,0.07588889
2237,0.20140125
2238,0.28968096
2239,0.92023116
2240,0.20488392
2241,0.8419439
2242,0.92048144
2243,0.2837417
2244,0.89033544
2245,0.79162437
2246,0.25557154
2247,0.66659766
2248,0.77723503
2249,0.70200264
2250,0.6663146
2251,0.40718055
2252,0.18067373
2253,0.3761857
2254,0.7730463
2255,0.62264025
2256,0.82449317
2257,0.1307738
2258,0.68354225
2259,0.54956234
2260,0.80678076
2261,0.8658849
2262,0.18080379
2263,0.1984515
2264,0.23242544
2265,0.89632463
2266,0.88994694
2267,0.70541596
2268,0.84734714
2269,0.07700691
2270,0.21981089
2271,0.8930245
2272,0.38615483
2273,0.6234473
2274,0.4162352
2275,0.6584496
2276,0.84804076
2277,0.13681005
2278,0.81368285
2279,0.47115555
2280,0.15318672
2281,0.19641922
2282,0.28278777
2283,0.29864433
2284,0.34877548
2285,0.16031344
2286,0.7471913
2287,0.050072815
2288,0.8870691
2289,0.83053154
2290,0.8759345
2291,0.8926997
2292,0.29438347
2293,0.9093874
2294,0.82602245
2295,0.8246202
2296,0.18551216
2297,0.4921292
2298,0.72953326
2299,0.27931735
2300,0.95549303
2301,0.10656779
2302,0.9163347
2303,0.8070806
2304,0.765375
2305,0.7637408
2306,0.8081326
2307,0.4232454
2308,0.16837347
2309,0.859766
2310,0.7686906
2311,0.1326689
2312,0.6376812
2313,0.9052835
2314,0.90035677
2315,0.56597674
2316,0.3411139
2317,0.044875793
2318,0.73154616
2319,0.86642903
2320,0.32705224
2321,0.8622273
2322,0.7279035
2323,0.27291527
2324,0.8875369
2325,0.17852068
2326,0.773502
2327,0.71186167
2328,0.71521205
2329,0.2586198
2330,0.18245207
2331,0.26666608
2332,0.24959831
2333,0.5852838
2334,0.093805425
2335,0.4757612
2336,0.9034381
2337,0.28521284
2338,0.7525653
2339,0.35057607
2340,0.8658849
2341,0.80203366
2342,0.8477479
2343,0.89198947
2344,0.6186608
2345,0.81008935
2346,0.72997344
2347,0.3986261
2348,0.64415663
2349,0.27551875
2350,0.13661438
2351,0.5267215
2352,0.21178019
2353,0.077966444
2354,0.27714503
2355,0.15228991
2356,0.18005024
2357,0.7986193
2358,0.2800741
2359,0.92313385
2360,0.7710153
2361,0.7428778
2362,0.29627594
2363,0.8227316
2364,0.0873959
2365,0.27309337
2366,0.78778774
2367,0.77707547
2368,0.47215512
2369,0.8668025
2370,0.7980227
2371,0.78474474
2372,0.91822
2373,0.23330647
2374,0.22689055
2375,0.34136495
2376,0.8671111
2377,0.09828715
2378,0.3405625
2379,0.098111264
2380,0.89708513
2381,0.20416808
2382,0.23136887
2383,0.8216809
2384,0.6898709
2385,0.18908857
2386,0.6747525
2387,0.703828
2388,0.29206723
2389,0.7975974
2390,0.77529556
2391,0.9107829
2392,0.18929473
2393,0.91102767
2394,0.9334665
2395,0.10868557
2396,0.7375196
2397,0.0937911
2398,0.09808711
2399,0.61874205
2400,0.8072351
2401,0.67512405
2402,0.5577493
2403,0.39324835
2404,0.6914783
2405,0.8558172
2406,0.9486061
2407,0.65435266
2408,0.90062386
2409,0.95000803
2410,0.58273864
2411,0.94448096
2412,0.3221893
2413,0.82326317
2414,0.22385436
2415,0.16813186
2416,0.73853123
2417,0.7161677
2418,0.83699054
2419,0.11326998
2420,0.38451305
2421,0.10002145
2422,0.34771147
2423,0.5868288
2424,0.9574194
2425,0.23722684
2426,0.6792824
2427,0.20805834
2428,0.8509989
2429,0.7006906
2430,0.85315436
2431,0.3374559
2432,0.16896921
2433,0.47665477
2434,0.48543444
2435,0.14837441
2436,0.6551839
2437,0.13011828
2438,0.17327496
2439,0.87426674
2440,0.88994575
2441,0.9023054
2442,0.15478095
2443,0.06305134
2444,0.7601005
2445,0.86218506
2446,0.6066541
2447,0.82252985
2448,0.14162003
2449,0.7155565
2450,0.27153873
2451,0.24420318
2452,0.3562982
2453,0.19655854
2454,0.82411915
2455,0.062427767
2456,0.17782892
2457,0.72670287
2458,0.50645137
2459,0.20099385
2460,0.90666705
2461,0.7287302
2462,0.8169205
2463,0.8931387
2464,0.89869696
2465,0.34279597
2466,0.7827507
2467,0.8195924
2468,0.140601
2469,0.62579507
2470,0.19643784
2471,0.90472436
2472,0.677613
2473,0.6098347
2474,0.35624912
2475,0.21248223
2476,0.8987708
2477,0.20255621
2478,0.11559767
2479,0.8776508
2480,0.8548453
2481,0.1539492
2482,0.8079722
2483,0.104863524
2484,0.3057066
2485,0.6288436
2486,0.94593483
2487,0.09769797
2488,0.42535093
2489,0.8268696
2490,0.29760802
2491,0.85430473
2492,0.94650686
2493,0.91018844
2494,0.5417689
2495,0.69167715
2496,0.2684272
2497,0.70425075
2498,0.14161971
2499,0.8989193
2500,0.78064346
2501,0.19557521
